Year,Region,Area_Deforested
2001,AGO,4957.597965036456
2001,ARG,5979.947497533398
2001,AUS,0.075922367100151
2001,BDI,6.222929649490018
2001,BES,0.146931974659288
2001,BGD,384.77334921171956
2001,BHS,0.28678775083984304
2001,BLZ,1271.3456450697856
2001,BRN,256.086536600948
2001,BTN,69.41099623881294
2001,CAF,3939.636293909367
2001,CHN,867.2031347106998
2001,CIV,14045.217307118653
2001,CMR,8286.75606657634
2001,COG,7398.989759258316
2001,COL,24081.670276050638
2001,CRI,522.0724354031689
2001,CUB,475.2467287717209
2001,CYM,2.248884649857856
2001,DMA,5.049745702821181
2001,DOM,235.77704186081706
2001,ECU,4701.192200689233
2001,ETH,1399.2705944902323
2001,FJI,12.561931645598959
2001,GAB,5117.836669549098
2001,GHA,1699.5732638297004
2001,GIN,287.97542793233333
2001,GLP,3.106458599799805
2001,GNB,8.52683887830675
2001,GNQ,603.1841641309293
2001,GTM,3978.8665320811137
2001,GUF,901.7761195112281
2001,GUY,1834.786579253906
2001,HND,4747.463720508286
2001,HTI,9.890339362890627
2001,IND,5541.94205918916
2001,JAM,89.57468488645834
2001,KEN,2390.6934336019904
2001,KHM,8908.219389880776
2001,KNA,1.986411944280599
2001,LAO,10263.044170506257
2001,LBR,2080.5112260795463
2001,LCA,1.046322964644639
2001,LKA,115.75726964476183
2001,MAF,0.43937747833441804
2001,MDG,21193.783098731696
2001,MDV,0.076408921916503
2001,MEX,8045.036186306287
2001,MMR,9308.13783060656
2001,MOZ,47.94843722824815
2001,MSR,0.44252670263237803
2001,MTQ,1.564203045595703
2001,MWI,2.5299241233865013
2001,MYS,24068.039174520083
2001,NGA,3494.9152435878686
2001,NIC,1853.382172014313
2001,NPL,59.364011643007814
2001,PAN,1186.9355774290316
2001,PER,28698.569574344987
2001,PHL,1655.139875533365
2001,PLW,7.324428847020671
2001,PNG,10238.098368489998
2001,PRI,29.027926961370444
2001,PRY,13533.820662915994
2001,RWA,10.685360008772584
2001,SLB,745.6321284431579
2001,SLE,266.80736959211373
2001,SLV,11.155201836613498
2001,SSD,10.969867194274768
2001,SUR,1144.8972747024882
2001,SXM,0.073239427582465
2001,TCA,0.572026590680338
2001,TGO,2.444378670680609
2001,THA,2035.386224692853
2001,TTO,83.47129334891382
2001,TWN,62.83498421080404
2001,TZA,1579.1480558502672
2001,UGA,3741.819698418213
2001,USA,33.5370200403462
2001,VCT,0.07495259433865001
2001,VEN,10437.981489011207
2001,VGB,0.87699250704644
2001,VIR,0.43871009726454
2001,VNM,12002.352464057369
2001,VUT,17.42882615772244
2001,ZAF,54.06534504158855
2001,ZMB,91.93893608351074
2001,ZWE,8.993982148016494
2002,AGO,3499.636272995368
2002,ARG,9316.613640120007
2002,AUS,0.6074197411919481
2002,BDI,3.918713765332845
2002,BEN,0.229139850835774
2002,BGD,619.4067064536215
2002,BHS,0.21357198816189202
2002,BLZ,5573.869641000606
2002,BRN,474.5076638761258
2002,BTN,119.90976744171444
2002,CAF,7005.0394705471435
2002,CHN,1823.2389045156117
2002,CIV,24185.72165802195
2002,CMR,10611.600593795081
2002,COG,9973.614969220382
2002,CRI,751.7816885597906
2002,CUB,2957.858767910739
2002,CYM,0.799714542047526
2002,DMA,2.003954069945204
2002,DOM,451.23647892730827
2002,ECU,5692.960590739318
2002,ETH,1569.2235737725853
2002,FJI,19.398148131453993
2002,GAB,7001.7698241739745
2002,GHA,4438.274187098241
2002,GIN,1100.62610566679
2002,GLP,2.7360277475786683
2002,GNB,137.3191615063639
2002,GNQ,1137.8594238555738
2002,GTM,16082.248020331932
2002,GUF,1628.4441166068004
2002,GUY,2824.6705043594948
2002,HND,7343.579581456608
2002,HTI,17.437982388604603
2002,IND,11717.80559294747
2002,JAM,280.45324809620547
2002,KEN,2973.7325046919213
2002,KHM,18576.43012861297
2002,KNA,3.015652092119141
2002,LAO,13700.208758196304
2002,LBR,7330.378416425449
2002,LCA,1.569656776970486
2002,LKA,524.1603389929932
2002,MAF,2.929183128144532
2002,MDG,27044.85135033702
2002,MEX,14328.51109298689
2002,MMR,12938.643573540074
2002,MOZ,143.56074946575959
2002,MSR,0.7376942802625861
2002,MTQ,2.755443872071398
2002,MWI,2.343752486925998
2002,NGA,6131.773286921666
2002,NIC,5754.7567729888215
2002,NPL,169.5343257540625
2002,PAN,1888.881050300402
2002,PHL,3498.917431972988
2002,PLW,26.701289540370283
2002,PNG,23529.78773425076
2002,PRI,39.402407809622396
2002,RWA,4.534828848198378
2002,SEN,0.22541461602593302
2002,SGP,0.07691609050923601
2002,SLB,2128.6442024294197
2002,SLE,250.36236488640628
2002,SLV,52.86365358356987
2002,SSD,54.32513209019354
2002,SUR,1931.788540829895
2002,SXM,0.14647448469184002
2002,TGO,2.444499996822102
2002,THA,3856.290084930203
2002,TTO,73.19418375282171
2002,TWN,120.6524041073828
2002,TZA,843.401350337928
2002,UGA,667.8105352979401
2002,UMI,4.312646207456597
2002,USA,12.711528902398003
2002,VCT,0.07495259433865001
2002,VEN,11322.799906418451
2002,VGB,0.9500606436154511
2002,VNM,11029.971100720466
2002,VUT,18.715876439491105
2002,ZAF,350.00246313548536
2002,ZMB,62.401474002615544
2002,ZWE,14.463583359185117
2003,AGO,2963.5230620260186
2003,ARG,14448.23558300676
2003,AUS,0.607264592305772
2003,BDI,51.558909531986906
2003,BES,7.120734360792103
2003,BGD,266.9183375553295
2003,BHS,0.2116896540625
2003,BLZ,2997.824420947875
2003,BRN,379.4345488466715
2003,BTN,84.66540713421442
2003,CAF,3025.7429431208825
2003,CHN,1590.3211083253454
2003,CIV,16572.562375237205
2003,CMR,9967.206810775206
2003,COG,9875.142344636966
2003,COL,32049.99556214046
2003,CRI,591.062634458827
2003,CUB,201.58485332779296
2003,DMA,9.724574715287543
2003,DOM,460.63568804336694
2003,ECU,3378.985128828497
2003,ETH,2542.4919846338867
2003,FJI,53.210872671592895
2003,GAB,10674.32098277132
2003,GHA,1875.1046734390754
2003,GIN,287.4373998452236
2003,GLP,3.8448387700727
2003,GNB,14.269960062937827
2003,GNQ,960.2635304421096
2003,GTM,24304.719890735294
2003,GUF,1267.3996193456662
2003,GUY,4216.483438537706
2003,HND,8855.603422493123
2003,HTI,14.33538363853841
2003,IND,10845.981582600016
2003,JAM,152.36760226338325
2003,KEN,1568.1253077164813
2003,KHM,24054.028492397993
2003,KNA,5.002769322738714
2003,LAO,20470.798794186176
2003,LBR,4820.83807672932
2003,LCA,1.868305291011827
2003,LKA,991.4236055782272
2003,MAF,2.4166336941417113
2003,MDG,15332.513622038516
2003,MDV,0.688866333125542
2003,MEX,17924.5071548792
2003,MMR,13768.180412805574
2003,MOZ,91.65641669239585
2003,MSR,0.36880606970920105
2003,MTQ,6.702699431200087
2003,MWI,9.662507815512699
2003,NGA,1830.2509588025757
2003,NIC,5123.653703423926
2003,NPL,284.62969253626534
2003,PAN,1574.8595475515335
2003,PHL,4274.6619901957665
2003,PLW,3.356908157481554
2003,PNG,15365.85033484096
2003,PRI,83.34167228755534
2003,RWA,28.975371390988897
2003,SEN,0.22544722504069
2003,SLB,1276.2178592235657
2003,SLE,176.19085482142196
2003,SLV,9.583359457958444
2003,SSD,48.34699545159858
2003,SUR,2243.0514948773257
2003,SXM,0.14648413868489502
2003,TCA,1.7885334690614152
2003,TGO,1.5277485175097651
2003,THA,4246.349856049423
2003,TTO,50.11670488185005
2003,TWN,65.20640405950304
2003,TZA,726.5933949653427
2003,UGA,1521.071506655121
2003,USA,8.930563972677952
2003,VCT,0.5246463214973951
2003,VEN,20775.278399541054
2003,VGB,0.43850035617296
2003,VIR,0.8043484781749131
2003,VNM,9522.161011173885
2003,VUT,329.7950174827341
2003,ZAF,326.88136395899295
2003,ZMB,133.07355664063644
2003,ZWE,8.62014817716146
2004,AGO,2354.9763278525006
2004,ARG,28083.66111524192
2004,AUS,0.45553511205512104
2004,BDI,2.765842286381293
2004,BES,0.07346776039062501
2004,BGD,347.5618804567545
2004,BHS,4.51156650117947
2004,BLZ,2102.7912312896015
2004,BRN,584.7823785518732
2004,BTN,337.17192356522133
2004,CAF,4096.378748752105
2004,CHN,3421.8022096667696
2004,CIV,11228.837033815398
2004,CMR,9049.345235666015
2004,COG,4995.598940569071
2004,CRI,602.6711670130805
2004,CUB,651.6400525284423
2004,CYM,2.108558362779948
2004,DMA,22.12330750501248
2004,DOM,1065.7607897255623
2004,ECU,5436.247175554991
2004,ETH,2729.930303956082
2004,FJI,231.14562265322567
2004,GAB,5698.6509253894
2004,GHA,1582.7965523002467
2004,GIN,552.5957739940308
2004,GLP,8.581697410172525
2004,GNB,75.94738958341146
2004,GNQ,210.82551511441548
2004,GTM,17270.277766830786
2004,GUF,3268.537432448521
2004,GUY,2630.277363025637
2004,HND,7114.626163644944
2004,HTI,52.92761232347119
2004,IND,19166.086476372962
2004,JAM,979.7668086356792
2004,KEN,2973.6921999907668
2004,KNA,4.192778615056424
2004,LAO,17946.90051033895
2004,LBR,1782.4199629317923
2004,LCA,6.9518129932118065
2004,LKA,466.7371875255911
2004,MAF,0.878766460945095
2004,MDG,20283.017785449392
2004,MDV,0.6883365073442921
2004,MEX,18119.27919531098
2004,MMR,23286.005273149272
2004,MOZ,184.78721596536627
2004,MSR,3.466301944199219
2004,MTQ,13.401685193822157
2004,MWI,6.202598598585071
2004,NGA,3055.251187455517
2004,NIC,3182.503924803625
2004,NPL,174.518390042704
2004,PAN,2478.1249851593557
2004,PHL,7078.3658283397335
2004,PLW,7.019062289427356
2004,PNG,25102.87714829861
2004,PRI,58.93001494174696
2004,RWA,6.994109989551799
2004,SEN,0.075111266041124
2004,SLB,2200.657924771844
2004,SLE,234.56253496750656
2004,SLV,77.72682384445748
2004,SSD,80.87638343438668
2004,SUR,2814.208734087928
2004,SXM,0.29294734287109303
2004,TCA,2.2879522955512153
2004,TGO,0.07638703037814601
2004,THA,8034.232678289915
2004,TTO,152.30712593606495
2004,TWN,387.5692608856565
2004,TZA,724.4818356275298
2004,UGA,1587.0989324997302
2004,USA,31.69462981866319
2004,VCT,2.098625523055013
2004,VEN,15923.98275154674
2004,VGB,0.9500518112196181
2004,VIR,6.581190218299702
2004,VNM,21113.335957428808
2004,VUT,110.19350775493923
2004,ZAF,430.2130753339887
2004,ZMB,431.9064273504529
2004,ZWE,20.618574234674483
2005,AGO,3110.3852296169703
2005,ARG,31423.820967873537
2005,AUS,0.607464488599717
2005,BDI,15.441411629089899
2005,BEN,0.22906319317626903
2005,BGD,306.00679136436514
2005,BHS,2.83232223570421
2005,BLZ,3208.3144768390544
2005,BRN,602.9876471609392
2005,BTN,315.95689397594185
2005,CAF,5466.014431469888
2005,CHN,3075.7934641471115
2005,CIV,6007.014656914127
2005,CMR,11078.70254526285
2005,COG,8608.226052762915
2005,CRI,868.434701784501
2005,CUB,1023.735359930414
2005,CYM,2.471580315769314
2005,DMA,13.285845088935003
2005,DOM,4977.017618522621
2005,ECU,6205.423351295453
2005,ETH,2302.292188669079
2005,FJI,153.43655265883788
2005,GAB,10815.801766930332
2005,GHA,3405.597759926631
2005,GIN,270.57807526315327
2005,GLP,6.806240693121202
2005,GNB,76.26342669537001
2005,GNQ,900.4838563652285
2005,GTM,33387.58261004799
2005,GUF,2028.1035814290858
2005,GUY,3578.7814308918846
2005,HND,14157.543863692115
2005,HTI,36.60767439726455
2005,IND,15147.702676449739
2005,JAM,3164.1595727231197
2005,KEN,1703.2902401128667
2005,KNA,4.561392074671224
2005,LAO,21601.357432660843
2005,LBR,2168.3426340047863
2005,LCA,5.531324157882487
2005,LKA,546.6412891121635
2005,MAF,1.09847702773763
2005,MDG,22517.44351831581
2005,MDV,0.30594948389729804
2005,MEX,23057.646449041385
2005,MMR,23420.623147244674
2005,MOZ,278.9954506797433
2005,MSR,9.515804230751955
2005,MTQ,7.371113732677409
2005,MWI,5.791413776497938
2005,NGA,1922.2753491007022
2005,NIC,11309.709089069775
2005,NPL,234.56905637469077
2005,PAN,2336.4696354057087
2005,PHL,6332.623461723212
2005,PLW,15.64008217338569
2005,PNG,16365.19274141339
2005,PRI,54.17298763534722
2005,RWA,14.296231450223937
2005,SEN,0.075116425307074
2005,SLB,3842.55981728837
2005,SLE,166.69141944233752
2005,SLV,31.286397732618816
2005,SSD,46.26448746654447
2005,SUR,1808.2162917806838
2005,SXM,0.43941928602213504
2005,TCA,5.077242212416451
2005,TGO,1.604137988230251
2005,THA,10678.217948113883
2005,TTO,94.22882641943626
2005,TWN,274.245425713354
2005,TZA,751.110896589653
2005,UGA,2899.400484359012
2005,UMI,45.75755088320967
2005,USA,10.971092436073134
2005,VCT,3.071818623119575
2005,VEN,15565.216584438427
2005,VGB,1.607877276551649
2005,VIR,0.36561744881727404
2005,VNM,27778.73597780332
2005,VUT,52.84166512325684
2005,ZAF,522.3286888320008
2005,ZMB,242.91232141524577
2005,ZWE,27.484078873791233
2006,ABW,0.075162390891384
2006,AGO,1400.6888807508494
2006,ARG,24100.812448113775
2006,BDI,5.7620778624921325
2006,BEN,0.076480404108344
2006,BES,2.49591197905816
2006,BGD,677.3153476644801
2006,BHS,17.142835820609807
2006,BLZ,1897.1288737454431
2006,BRN,442.35099291702005
2006,BTN,256.30307394337024
2006,CAF,5684.245532983806
2006,CHN,4804.340231998321
2006,CIV,16767.60592910064
2006,CMR,14845.901924197577
2006,COG,11788.066329578514
2006,CRI,712.8356092559294
2006,CUB,467.46983143267045
2006,CYM,2.980915703080512
2006,DMA,4.676939558105469
2006,DOM,535.0648838634798
2006,ECU,6438.1023966608
2006,ETH,2562.2473376678963
2006,FJI,168.3176253821241
2006,GAB,10494.88135672232
2006,GHA,3653.7155141362578
2006,GIN,235.08685377833345
2006,GLP,2.9578427341758893
2006,GNB,48.84465673658366
2006,GNQ,761.3765074829815
2006,GTM,18336.680551886515
2006,GUF,1943.5657638981177
2006,GUY,3744.2015884299026
2006,HND,14165.526962670014
2006,HTI,21.95558692202908
2006,IND,15125.485580682289
2006,JAM,456.8436801503578
2006,KEN,3339.8722630000934
2006,KNA,7.799609496406248
2006,LAO,33977.928938685975
2006,LBR,6005.177147932478
2006,LCA,1.868228404652777
2006,LKA,413.1291587380655
2006,MAF,0.659068405047743
2006,MDG,12821.231457943077
2006,MDV,0.459112581662292
2006,MEX,19397.942280399442
2006,MMR,23065.649803622764
2006,MOZ,278.6085435671847
2006,MSR,3.614165241115451
2006,MTQ,3.49944919261773
2006,MWI,16.470699785709098
2006,NGA,3457.781049069303
2006,NIC,8819.84287041206
2006,NPL,249.64680414142688
2006,PAN,4570.559683696202
2006,PHL,7143.548762221481
2006,PLW,17.014345268523222
2006,PNG,24784.754292202277
2006,PRI,81.81190586811415
2006,PRY,27948.993615768435
2006,RWA,39.35351762318975
2006,SEN,0.15036735818576302
2006,SGP,0.230731555724826
2006,SLB,2495.6959857450047
2006,SLE,786.6599125795884
2006,SLV,47.857449597119135
2006,SSD,46.724949006921385
2006,SUR,1892.5573546309145
2006,SXM,0.07324318673177001
2006,TCA,1.072545160950521
2006,TGO,0.22916934126871702
2006,THA,9554.232427592604
2006,TTO,120.98312647874404
2006,TWN,308.5658284310048
2006,TZA,738.6781481335761
2006,UGA,2891.1469084157293
2006,USA,20.0389428215842
2006,VCT,0.07494451470865801
2006,VEN,14243.907699175927
2006,VGB,1.169384035978732
2006,VIR,1.608698853429904
2006,VNM,20138.141915661294
2006,VUT,68.08932524685872
2006,ZAF,438.8590684357975
2006,ZMB,277.0529285823397
2006,ZWE,25.50500984544271
2007,AGO,8060.488454939383
2007,ARG,18688.025395785877
2007,AUS,14.199146977620982
2007,BDI,13.98292881690701
2007,BEN,0.076294987884928
2007,BES,0.220343461940104
2007,BGD,369.72685404533905
2007,BHS,8.515431405923394
2007,BLZ,4123.102948033829
2007,BRN,639.4739469654362
2007,BTN,186.08819136722875
2007,CAF,8400.455843955664
2007,CHN,7513.896323678914
2007,CIV,17323.110631212574
2007,CMR,18347.248695412844
2007,COG,13688.894097632085
2007,CRI,845.4449792871382
2007,CUB,464.6812145063458
2007,CYM,1.814092701873915
2007,DMA,7.719363379707576
2007,DOM,955.9656779764351
2007,ECU,6994.8139035546155
2007,ETH,5518.410296116089
2007,FJI,127.30592072899637
2007,GAB,10584.421829169823
2007,GHA,3015.5455990325913
2007,GIN,1035.1246626935458
2007,GLP,4.659584292430013
2007,GNB,65.21651447655816
2007,GNQ,1526.78239801407
2007,GUF,2421.408538808457
2007,GUY,3346.287301952447
2007,HND,12660.1349008146
2007,HTI,38.52364231546114
2007,IND,17208.14903480058
2007,JAM,227.41643748309681
2007,KEN,3439.5172156019585
2007,KNA,2.795968260278862
2007,LBR,7639.828091921482
2007,LCA,4.558703426768663
2007,LKA,675.0928182192645
2007,MAF,1.098461664424913
2007,MDV,1.299456807241753
2007,MEX,28986.784397789874
2007,MMR,31292.348106352867
2007,MOZ,180.35988725484106
2007,MSR,0.14752179989257802
2007,MTQ,9.832688167167428
2007,MWI,9.758272383528643
2007,NGA,2752.7512243938872
2007,NPL,268.04383745187613
2007,PAN,3111.349229786919
2007,PHL,8752.957277991909
2007,PLW,33.26549572097222
2007,PNG,25053.1999171038
2007,PRI,41.751339251687284
2007,RWA,8.762524293435263
2007,SEN,0.45081358102105
2007,SGP,0.15382124152669202
2007,SLB,3015.804916896107
2007,SLE,476.48327283430814
2007,SLV,47.999011069775385
2007,SSD,102.28667128090255
2007,SUR,2157.9873441352765
2007,SXM,0.14647367143880202
2007,TCA,16.306031492727854
2007,TGO,5.347389241743436
2007,THA,11325.106200463963
2007,TTO,134.1614461361784
2007,TWN,192.23043324621855
2007,TZA,917.2637344862155
2007,UGA,4043.7662669181555
2007,USA,37.828376786855515
2007,VCT,1.348707830924479
2007,VEN,26115.73127561349
2007,VGB,2.777131634331597
2007,VIR,1.02369797351454
2007,VNM,22282.426657504446
2007,VUT,27.418029481510956
2007,ZAF,414.63656131048083
2007,ZMB,538.2014284201961
2007,ZWE,16.30573349944661
2008,AGO,2699.3688541380807
2008,AUS,0.303690431432291
2008,BDI,18.132163153713375
2008,BGD,240.64816291355356
2008,BHS,4.100843016983507
2008,BLZ,3609.2649544223955
2008,BRN,760.9255317982379
2008,BTN,319.1116193988129
2008,CAF,5292.726678746316
2008,CHN,4076.472446030362
2008,CIV,12553.22177658132
2008,CMR,15038.142963579123
2008,COG,5892.723244475704
2008,CRI,1311.374579213533
2008,CUB,1204.7434296547658
2008,CYM,1.3062376032280811
2008,DMA,21.82945624305881
2008,DOM,1557.8275700651175
2008,ECU,8953.465840006696
2008,ETH,3590.3401264087393
2008,FJI,121.584061854426
2008,GAB,9314.200802579131
2008,GHA,2669.654046266537
2008,GIN,540.707273569038
2008,GLP,4.883740121487087
2008,GNB,68.76605022071614
2008,GNQ,2312.994089256
2008,GTM,29727.872712222368
2008,GUF,3723.9479481838393
2008,GUY,6377.269888577552
2008,HND,14679.889393576585
2008,HTI,41.962193281195724
2008,IND,20701.87683662356
2008,JAM,278.6430017791146
2008,KEN,1886.8817339259313
2008,KNA,9.198259010961369
2008,LAO,24927.011794147278
2008,LBR,5891.447339318434
2008,LCA,3.8866510017610683
2008,LKA,498.3822394574385
2008,MAF,0.146465735725911
2008,MDG,23616.28269655274
2008,MDV,1.452822958950873
2008,MEX,29567.83940420207
2008,MMR,24123.526994935346
2008,MOZ,327.1270111588748
2008,MSR,2.581780953840061
2008,MTQ,18.465012306536458
2008,MWI,4.485004475229492
2008,NGA,4089.5213378309177
2008,NIC,8021.26159241346
2008,NPL,171.2250861107932
2008,PAN,6855.0815994706245
2008,PHL,5656.0212016009
2008,PLW,30.06098386466418
2008,PNG,33901.370657536456
2008,PRI,68.06000967720921
2008,RWA,26.670060408216482
2008,SEN,0.9762720094460721
2008,SLB,4826.2746721183485
2008,SLE,462.9600819968835
2008,SLV,30.022784618327908
2008,SSD,47.340229282620996
2008,SUR,4430.929549738324
2008,SXM,0.585916126499565
2008,TCA,15.44554256492839
2008,TGO,0.076390762353786
2008,THA,7816.148136843855
2008,TTO,139.3101004450966
2008,TWN,252.58208282598522
2008,TZA,1056.1762560173884
2008,UGA,4296.788808199504
2008,USA,32.884918461495225
2008,VCT,1.049214852796766
2008,VEN,19858.520261046826
2008,VGB,2.046276302204861
2008,VNM,34398.469556825155
2008,VUT,48.10811198065593
2008,ZAF,541.4491716901583
2008,ZMB,305.05491495470164
2008,ZWE,8.167653500789932
2009,ABW,0.300650893592664
2009,AGO,5342.827567924593
2009,ARG,20818.563695646568
2009,AUS,0.6012611192968751
2009,BDI,13.216320966248102
2009,BEN,0.30552155737033404
2009,BES,0.44044852304470405
2009,BGD,557.8428413776556
2009,BHS,6.7913734646690544
2009,BLZ,4405.139055175391
2009,BRN,1242.370443622982
2009,BTN,453.56262823929796
2009,CAF,8869.15053878774
2009,CHN,7281.37445841192
2009,CIV,14682.635585649989
2009,CMR,19722.316627994376
2009,COG,7705.368720877783
2009,CRI,1998.434043419376
2009,CUB,758.8441527253299
2009,CYM,1.308312998018663
2009,DMA,16.77821629320855
2009,DOM,788.9452908815747
2009,ECU,8111.7268033116925
2009,ETH,3993.0146982240753
2009,FJI,102.04429602616098
2009,GAB,11765.792135324382
2009,GHA,3538.077273709721
2009,GIN,378.7687463062957
2009,GLP,5.549746047784831
2009,GNB,138.3583696414003
2009,GNQ,3136.88143608638
2009,GUF,2088.602533629256
2009,GUY,4928.765494922799
2009,HND,22179.62503272125
2009,HTI,24.370328835532774
2009,IND,17112.14613006319
2009,JAM,620.000229288127
2009,KEN,1596.4539561011036
2009,KNA,6.18057387234809
2009,LBR,13356.145586121631
2009,LCA,6.951219167937284
2009,LKA,508.75251463819063
2009,MAF,0.073240342143012
2009,MDG,34018.95376395231
2009,MDV,1.299742584559326
2009,MOZ,443.64230804806704
2009,MSR,2.5815360897580293
2009,MTQ,16.8253493170714
2009,MWI,12.986769874052735
2009,NGA,3923.7909185918174
2009,NIC,16023.126682622185
2009,NPL,476.7522103617535
2009,PAN,5559.404541042376
2009,PHL,6946.2979475521
2009,PLW,13.275722837294651
2009,PNG,23179.99519477645
2009,PRI,58.129126262575966
2009,RWA,12.912869212388241
2009,SEN,0.15025922803331102
2009,SLB,3126.331145502454
2009,SLE,960.9329727613848
2009,SLV,50.61697070270616
2009,SSD,23.46256815520196
2009,SUR,4226.633068035126
2009,SXM,1.09858643226454
2009,TCA,50.719938755243156
2009,TGO,0.7640839195933701
2009,THA,13198.276798372915
2009,TTO,119.14128438329482
2009,TWN,3094.5472937452882
2009,TZA,937.5340642185737
2009,UGA,2385.5679891604914
2009,USA,39.731402094280604
2009,VCT,2.9221062532063797
2009,VEN,23435.49906226818
2009,VGB,2.850039339371745
2009,VIR,1.023698787529297
2009,VUT,824.8324665476018
2009,ZAF,446.5557892971691
2009,ZMB,1298.6909272736757
2009,ZWE,18.795805512915585
2010,AGO,5225.620728690815
2010,ARG,31311.263674679543
2010,AUS,1.968209818658854
2010,BDI,13.138155393853353
2010,BEN,0.305730463143988
2010,BES,0.146818425756293
2010,BGD,235.07263488060107
2010,BHS,5.357773240824653
2010,BLZ,4768.834356114826
2010,BRN,524.4044872019529
2010,BTN,818.9743300251367
2010,CAF,11148.234546000836
2010,CHN,5128.026858720745
2010,CIV,17374.24408184347
2010,CMR,26814.74995169752
2010,COG,20597.889696963317
2010,CRI,1106.5217342327485
2010,CUB,125.95033267615452
2010,CYM,7.2574933893934475
2010,DMA,21.23425723388238
2010,DOM,678.2613826094782
2010,ECU,8490.719114142885
2010,ETH,3455.0078704632706
2010,FJI,187.05925734250542
2010,GAB,6237.464681077724
2010,GHA,1647.702458554477
2010,GIN,332.7784042337453
2010,GLP,11.390545316928169
2010,GNB,138.665285226372
2010,GNQ,3211.691076747391
2010,GTM,22749.932737037776
2010,GUF,2428.221192360981
2010,GUY,6655.69078909658
2010,HND,21407.262934424176
2010,HTI,12.643238484507378
2010,IND,11360.528195710207
2010,JAM,438.02797652690214
2010,KEN,6749.350292989326
2010,KNA,6.327269166531033
2010,LBR,4633.325966015947
2010,LCA,8.669998760548504
2010,LKA,354.3575341835286
2010,MAF,0.36615432688585003
2010,MDG,23825.27192837766
2010,MDV,0.840920513509385
2010,MEX,27932.92526409765
2010,MOZ,658.3593199479853
2010,MSR,21.24043437103408
2010,MTQ,6.402938696092665
2010,MWI,5.283475164350044
2010,NGA,6780.938992091909
2010,NIC,30517.890946748248
2010,NPL,141.5226173716862
2010,PAN,2964.876938700676
2010,PHL,8879.949539530717
2010,PLW,10.833775879205458
2010,PNG,32759.562217103907
2010,PRI,27.78228628803386
2010,RWA,24.05777408027398
2010,SEN,0.075082110040147
2010,SLB,3224.700076235243
2010,SLE,300.932827469732
2010,SLV,63.65454742445583
2010,SSD,78.35151635706065
2010,SUR,4796.667736949446
2010,SXM,0.07323983406684001
2010,TCA,6.721901171704644
2010,TGO,0.305554211787651
2010,THA,12206.426368985443
2010,TTO,357.6226297417345
2010,TWN,580.9963777337426
2010,TZA,1086.4163449821276
2010,UGA,4756.931298159518
2010,USA,29.09822851487741
2010,VCT,3.746567799879557
2010,VEN,25809.24786530735
2010,VGB,1.9732732722092012
2010,VIR,0.29247350080837603
2010,VUT,128.99480955241367
2010,ZAF,272.6034059629894
2010,ZMB,2850.43786384245
2010,ZWE,3.940846911258681
2011,AGO,4258.5138323323245
2011,ARG,17365.539718516284
2011,AUS,0.07592984398871501
2011,BDI,7.067871733060166
2011,BEN,0.152595414647894
2011,BES,5.138404810529513
2011,BGD,262.87467055366113
2011,BHS,2.408389020027126
2011,BLZ,16295.055745032822
2011,BRN,1661.8864836931784
2011,BTN,379.32954615571725
2011,CAF,9501.128934674383
2011,CHN,5029.49719834615
2011,CIV,29740.366333396094
2011,CMR,13505.50769913354
2011,COG,13755.26369641993
2011,CRI,997.9778701728603
2011,CUB,310.85035339759423
2011,CYM,2.908175950301649
2011,DMA,13.363152244399414
2011,DOM,581.7748440899912
2011,ECU,11175.112013847842
2011,ETH,2652.224706999459
2011,FJI,54.52955820501303
2011,GAB,8688.798239196298
2011,GHA,2771.8516212024397
2011,GIN,399.7320461601981
2011,GLP,3.476532788860677
2011,GNB,148.73275636371156
2011,GNQ,3709.5413857480235
2011,GTM,17212.50469606259
2011,GUF,2153.0410202571306
2011,GUY,5831.291094739914
2011,HND,20322.91041171352
2011,HTI,28.42314050452475
2011,IND,16286.667041154262
2011,JAM,321.23693721327163
2011,KEN,1410.4798676139474
2011,KNA,3.089947232923177
2011,LBR,5797.435246645077
2011,LCA,17.339484669722765
2011,LKA,491.15505634430866
2011,MAF,5.638927656368271
2011,MDV,3.286527988169759
2011,MEX,29571.00765684967
2011,MMR,25247.7680060303
2011,MOZ,126.44090844351076
2011,MSR,1.5490404627875431
2011,MTQ,11.242924879603951
2011,MWI,2.57402153406467
2011,NGA,7402.627897780757
2011,NIC,14501.14058569375
2011,NPL,104.30017798721572
2011,PAN,4757.308112327723
2011,PHL,4919.429723148862
2011,PLW,14.190267213867733
2011,PNG,26449.837491558832
2011,PRI,37.80605680685765
2011,RWA,7.148593298615655
2011,SEN,0.9016022258241101
2011,SLB,3094.5468152186927
2011,SLE,601.3597096564743
2011,SLV,71.30081186971029
2011,SSD,147.4791725034036
2011,SUR,4125.440947392907
2011,SXM,1.17182209609375
2011,TCA,0.7151811155034721
2011,TGO,0.6111213490581591
2011,THA,8567.149116112047
2011,TTO,65.67486192926867
2011,TWN,240.40266142530396
2011,TZA,802.6883384532047
2011,UGA,7940.1503478616
2011,USA,42.65465060658638
2011,VCT,3.596781195635308
2011,VEN,15590.434410152124
2011,VGB,6.211959699585505
2011,VIR,0.804280254078776
2011,VUT,367.0863980332788
2011,ZAF,349.07758584307726
2011,ZMB,176.6518400810845
2011,ZWE,3.507849362804905
2012,AGO,5595.107704510637
2012,ARG,24809.759582009305
2012,AUS,1.290690778970811
2012,BDI,4.763363317220188
2012,BEN,0.305852066290418
2012,BES,0.150534491461588
2012,BGD,326.56085543135555
2012,BHS,7.599507974313153
2012,BLZ,6761.671202548141
2012,BRN,1118.7915893887312
2012,BTN,314.8152920086133
2012,CAF,10780.0130234582
2012,CHN,7910.776555439327
2012,CIV,23086.241452247246
2012,CMR,25416.83661285904
2012,COG,14805.691680025464
2012,CRI,753.5882985537137
2012,CUB,244.46868688400062
2012,CYM,2.106215204960937
2012,DMA,39.93587527650336
2012,DOM,1568.6932677035159
2012,ECU,16354.159289640547
2012,ETH,5076.612145909325
2012,FJI,72.54379410666557
2012,GAB,9507.890381828189
2012,GHA,2501.1976516942764
2012,GIN,589.0955786645592
2012,GLP,11.83329246493327
2012,GNB,110.30080950222542
2012,GNQ,2291.9843833802183
2012,GTM,27788.53298735523
2012,GUF,7425.933492071036
2012,GUY,8942.254584401653
2012,HND,10008.154851532721
2012,HTI,48.00735154902669
2012,IND,18804.314679536536
2012,JAM,473.32182386470254
2012,KEN,1663.7603312802637
2012,KNA,4.193522441857639
2012,LBR,11267.556914051047
2012,LCA,10.912161272436524
2012,LKA,1585.0440699697328
2012,MAF,1.391408506759982
2012,MDG,32422.57879936313
2012,MDV,0.30616565729980405
2012,MEX,28225.47934598342
2012,MMR,34050.9529213103
2012,MOZ,397.26434118112667
2012,MSR,0.6637606405729161
2012,MTQ,21.89057934254015
2012,MWI,16.85935324474772
2012,NGA,6061.60276243272
2012,NIC,7265.321564483848
2012,NPL,208.8496826982107
2012,PAN,3114.799220456602
2012,PHL,6889.407213672302
2012,PLW,7.6293714752908
2012,PRI,34.00588228006402
2012,RWA,6.610488850816243
2012,SGP,0.307643063284437
2012,SLB,5253.292695943294
2012,SLE,612.5404237538949
2012,SLV,40.73278785802246
2012,SSD,86.69981628437215
2012,SUR,13539.660422436724
2012,TCA,1.502632853160807
2012,TGO,1.375065861533203
2012,THA,8091.803870068306
2012,TTO,94.29658752940267
2012,TWN,237.60692989795794
2012,TZA,1364.82747826576
2012,UGA,4559.106342865279
2012,UMI,0.146189343415798
2012,USA,95.512154435931
2012,VCT,3.222093461417643
2012,VEN,22124.944791046597
2012,VGB,0.365475029131944
2012,VIR,0.292477010454644
2012,VUT,62.451567954428164
2012,ZAF,335.0591690534053
2012,ZMB,949.7750447483461
2012,ZWE,63.2958926317079
2013,AGO,9263.696787623398
2013,AUS,2.420469116151801
2013,BDI,10.988856066714547
2013,BEN,1.910292641175401
2013,BES,0.22021442672092
2013,BGD,187.8994846946538
2013,BHS,3.123339365827908
2013,BLZ,8448.712491782468
2013,BRN,608.7070552305237
2013,BTN,191.206494807806
2013,CAF,6481.374652168372
2013,CHN,5568.80009966084
2013,CIV,18852.9943448823
2013,COG,24817.965939984402
2013,CRI,759.7707229150755
2013,CUB,68.49838788242731
2013,CYM,5.452792257616103
2013,DMA,5.122241140559355
2013,DOM,262.9401411172635
2013,ECU,11590.29901887099
2013,ETH,6608.850662695506
2013,FJI,453.4076953251856
2013,GAB,25802.39778859197
2013,GHA,5111.7377340912735
2013,GIN,1029.7125920262768
2013,GLP,2.218504560489366
2013,GNB,476.439685084657
2013,GNQ,4065.057014758807
2013,GTM,19870.47041581593
2013,GUF,1989.5660433871667
2013,GUY,4511.583076783913
2013,HND,16969.721888260978
2013,HTI,14.300894924238282
2013,IND,14398.726450585555
2013,JAM,130.04292761110028
2013,KEN,1622.9438992187638
2013,KNA,3.088158126743707
2013,LBR,16258.39471254956
2013,LCA,2.092562995524089
2013,LKA,226.219570585208
2013,MAF,0.36614425517144
2013,MDV,0.9936379575024411
2013,MMR,31383.53830766726
2013,MOZ,946.0105274340567
2013,MSR,0.36882855360785505
2013,MTQ,2.084250642255317
2013,MWI,18.333871043589408
2013,NGA,6385.342593427068
2013,NIC,14016.02368112993
2013,NPL,50.6922434006684
2013,PAN,3721.2108880239102
2013,PHL,10835.45078695862
2013,PLW,6.3362106326896175
2013,PNG,30630.464967772925
2013,PRI,20.39993394396593
2013,RWA,15.297982926237184
2013,SLB,5596.8520601875225
2013,SLE,2462.8249954177627
2013,SLV,16.096962261827258
2013,SSD,144.18341631986289
2013,SUR,6627.702603652833
2013,SXM,0.512680767096354
2013,TCA,3.647076239585503
2013,TGO,4.201499514611275
2013,THA,3972.926090218542
2013,TTO,103.07356738336156
2013,TWN,152.5145173447526
2013,TZA,2629.032866400863
2013,UGA,3558.6123778532537
2013,USA,86.36717585831067
2013,VCT,0.8990200980050991
2013,VEN,15349.15908773634
2013,VGB,1.3886425658409292
2013,VIR,0.365596499450954
2013,VNM,26714.957339000797
2013,VUT,230.99985572820088
2013,ZAF,540.6577637461086
2013,ZMB,1598.4509051138039
2013,ZWE,100.12584428199546
2014,AGO,10992.640397151532
2014,ARG,19289.97270439728
2014,AUS,20.366096535852865
2014,BDI,47.55898950862142
2014,BEN,4.277616440389811
2014,BES,0.14681028047526
2014,BGD,458.22249857362704
2014,BHS,1.989810029243706
2014,BLZ,9026.48817739317
2014,BRN,1380.353876747375
2014,BTN,462.7980358655816
2014,CAF,8934.954837385028
2014,CHN,5130.788069549701
2014,COG,31142.633958402916
2014,CRI,957.898279299459
2014,CUB,59.12163832866644
2014,CYM,0.7980728668782551
2014,DMA,2.004247914247504
2014,DOM,740.2893695633092
2014,ECU,6329.585972745108
2014,ETH,5632.134582578919
2014,FJI,244.44106383839087
2014,GAB,29148.509259535404
2014,GHA,7455.761416079172
2014,GIN,754.2912504257297
2014,GLP,1.6268052946875
2014,GNB,447.94298531607245
2014,GNQ,10677.55795873738
2014,GTM,18236.84340307271
2014,GUF,2813.8659399999756
2014,GUY,7789.67093734917
2014,HND,22265.388187160945
2014,HTI,10.895082923001302
2014,IND,21941.683611004617
2014,JAM,276.97585063690525
2014,KEN,1210.2216224146262
2014,KNA,2.427820806816406
2014,LBR,18962.856817134256
2014,LCA,2.615856843125542
2014,LKA,365.12559722286073
2014,MAF,0.6590565057975261
2014,MDV,1.8341091472648112
2014,MEX,23837.193042111376
2014,MOZ,644.7769325905033
2014,MSR,0.147512450882161
2014,MTQ,0.8936066228054471
2014,MWI,17.45655104549588
2014,NGA,9928.1965724726
2014,NIC,23320.868498091673
2014,NPL,59.1878108742155
2014,PAN,2701.822336616561
2014,PHL,11483.657722034372
2014,PLW,22.450549593434786
2014,PRI,20.394599411612415
2014,RWA,34.36440093761278
2014,SEN,0.22533888812608502
2014,SLB,10326.980177445648
2014,SLE,1762.106931684378
2014,SLV,25.4590656554183
2014,SSD,85.88996387706844
2014,SUR,9659.089133432803
2014,SXM,0.146481293945312
2014,TCA,7.152052227622613
2014,TGO,25.743743674087458
2014,THA,4650.335319493045
2014,TTO,148.76597785260307
2014,TWN,93.111770813852
2014,TZA,3419.561355082836
2014,UGA,3435.8021097267474
2014,USA,162.56273899233264
2014,VCT,1.498540927227105
2014,VEN,20608.517177821115
2014,VGB,0.07307870763780301
2014,VUT,118.85702084906686
2014,ZAF,516.4060509414571
2014,ZMB,2059.7599978845797
2014,ZWE,37.58534795961153
2015,AGO,9000.137981143862
2015,ARG,10542.022736279965
2015,BDI,16.666055072564156
2015,BEN,0.22944507748291001
2015,BGD,205.86704726605151
2015,BHS,2.411924097770182
2015,BLZ,6600.358038024189
2015,BRN,806.8424503045815
2015,BTN,278.90066727963
2015,CAF,5064.360639892185
2015,CHN,3645.0879535465933
2015,CIV,15592.067064812034
2015,COG,18197.213107458243
2015,CRI,220.89218732326336
2015,CUB,155.36394295212665
2015,DOM,1821.1471994592912
2015,ECU,8471.90404863642
2015,ETH,1200.2283558989611
2015,FJI,118.66423164461372
2015,GAB,15816.060784000178
2015,GHA,3620.561875924504
2015,GIN,1136.3476568849974
2015,GLP,4.29016631784885
2015,GNB,407.774369526305
2015,GNQ,4051.060342308579
2015,GTM,16722.34774073202
2015,GUF,1945.4545675206593
2015,GUY,8462.81977870731
2015,HND,15366.439724178113
2015,HTI,20.331060242890626
2015,IND,20996.625562536396
2015,JAM,203.15731135665143
2015,KEN,3054.8301680840204
2015,LBR,25850.260995669403
2015,LCA,0.44840124238444
2015,LKA,360.9633046937036
2015,MEX,32682.144743627014
2015,MOZ,559.9703497640621
2015,MTQ,0.22336747709526902
2015,MWI,21.90259959899631
2015,NGA,5318.401436265923
2015,NIC,12542.703018694723
2015,NPL,97.96705473708876
2015,PAN,2027.1030544100151
2015,PHL,6477.3841767816575
2015,PRI,21.419223646183813
2015,PRY,28271.43084764901
2015,RWA,9.379177620454985
2015,SEN,0.5261984144525821
2015,SGP,0.076910725282524
2015,SLB,9286.53095427427
2015,SLE,3169.819362792749
2015,SLV,38.25645854757053
2015,SSD,65.36154614724461
2015,SUR,8079.705712228978
2015,TCA,4.7217654638075075
2015,THA,2325.567688662594
2015,TTO,100.08172475669325
2015,TWN,25.04386351033963
2015,TZA,1519.164018304988
2015,UGA,3129.415387993535
2015,USA,265.61891204351343
2015,VEN,15545.8684768657
2015,VUT,699.0262427636142
2015,ZAF,533.0511575819802
2015,ZMB,2336.267753860216
2015,ZWE,62.44879087797201
2016,AGO,12048.26838609254
2016,ARG,15242.198034708672
2016,AUS,6.98766891232205
2016,BDI,27.965624236096865
2016,BEN,13.133798964653865
2016,BGD,345.359472628648
2016,BHS,1458.8497955539724
2016,BLZ,11476.662643737709
2016,BRN,1089.558196307141
2016,BTN,703.5222128970681
2016,CAF,20129.7456522327
2016,CHN,3709.0724858781796
2016,CIV,16912.242354133617
2016,CRI,1581.3437195496465
2016,CUB,302.4314530352126
2016,CYM,37.423735224307734
2016,DMA,2.22730365809516
2016,DOM,2866.9517446909344
2016,ECU,13197.908959436874
2016,ETH,2873.7030427589107
2016,FJI,3094.286982521656
2016,GAB,18885.74109404397
2016,GHA,13749.021904292928
2016,GIN,1542.574112509901
2016,GLP,0.147867303825954
2016,GNB,527.4283956646375
2016,GNQ,5045.792728565705
2016,GUF,3921.5677832066153
2016,GUY,16688.643020631134
2016,HTI,2031.1659592404171
2016,IND,30936.047385962735
2016,JAM,725.5081049968221
2016,KEN,2052.221812785246
2016,KNA,2.64916281187717
2016,LBR,19753.80579232751
2016,LCA,42.225363812417534
2016,LKA,425.053575003587
2016,MOZ,923.5125693638508
2016,MSR,2.728653370556641
2016,MTQ,1.191128803470052
2016,MWI,22.879539050133477
2016,NGA,12335.53813969883
2016,NPL,183.9433704573188
2016,PAN,5904.712978023085
2016,PHL,13386.934805723607
2016,PRI,26.609989725965715
2016,RWA,22.903903396910877
2016,SEN,0.07511133774631
2016,SGP,0.307642048396131
2016,SLB,11672.123368041608
2016,SLE,2963.4969660199645
2016,SLV,412.9735491344574
2016,SSD,86.36163617217476
2016,SUR,10456.524001949696
2016,SXM,0.146482614784071
2016,TCA,4.22023168265625
2016,TGO,242.47492984626064
2016,THA,4805.668525685778
2016,TTO,153.1260346236513
2016,TWN,98.7771351190191
2016,TZA,2227.2923748217163
2016,UGA,4314.349554470287
2016,USA,285.4659775692649
2016,VCT,5.920675777931859
2016,VGB,1.388675367260199
2016,VIR,1.828106112509766
2016,VUT,224.702294010033
2016,ZAF,594.9223335115056
2016,ZMB,2854.919061806422
2016,ZWE,50.40908092331705
2017,AGO,11179.889713056013
2017,ARG,17189.459973916906
2017,AUS,5.61652945979004
2017,BDI,13.981646382460937
2017,BEN,1.451625502006836
2017,BGD,414.42342858519083
2017,BHS,16.378587855532768
2017,BLZ,6591.132652739181
2017,BRN,518.1643568346652
2017,BTN,790.5052540235918
2017,CAF,15442.864398292932
2017,CHN,2380.0173047001936
2017,CIV,20418.0890342125
2017,COG,26702.971259430586
2017,CRI,7695.281366409089
2017,CUB,28907.020871189576
2017,CYM,37.42764854645728
2017,DMA,14942.663813210556
2017,DOM,1574.769155258118
2017,ECU,21085.454276821038
2017,ETH,7630.898868531625
2017,FJI,565.7276502474302
2017,GAB,22915.86406185458
2017,GHA,7689.428254394507
2017,GIN,1675.8540465949034
2017,GLP,3.106796075124783
2017,GNB,504.33601847310274
2017,GNQ,6468.080032854362
2017,GTM,22035.556928847967
2017,GUF,2739.336435712086
2017,GUY,13505.103813523277
2017,HTI,379.39035410151206
2017,IND,29563.269397803997
2017,JAM,355.28615895407233
2017,KEN,3133.962535096522
2017,LBR,24957.04216905024
2017,LCA,18.23518513605415
2017,LKA,627.3698402167399
2017,MAF,0.5126082679720051
2017,MOZ,3278.998579995492
2017,MTQ,5.062964020832791
2017,MWI,28.505385654270285
2017,NGA,17389.427202303574
2017,NPL,410.95992805302393
2017,PAN,5913.2138983477425
2017,PHL,13698.30590329371
2017,PRI,14999.81531467251
2017,RWA,13.91201890097541
2017,SEN,0.22534268016981301
2017,SLB,14326.949540442725
2017,SLE,4180.868974412573
2017,SLV,129.24375386172844
2017,SSD,234.95452036982536
2017,SUR,13717.528082946501
2017,SXM,0.7324224187293831
2017,TCA,13.87701710330729
2017,TGO,9.701791423187936
2017,THA,3745.2139318524805
2017,TTO,138.83903606219943
2017,TWN,150.56077725930774
2017,TZA,2204.338261424017
2017,UGA,4857.734353370617
2017,USA,26.250863782672532
2017,VCT,5.170857923817274
2017,VGB,101.27645951277762
2017,VIR,51.55040521917105
2017,VUT,187.71502491357398
2017,ZAF,2016.0115615930342
2017,ZMB,3348.5679308385934
2017,ZWE,275.40375674002894
2018,ABW,0.300630886008572
2018,AGO,13520.210887435089
2018,ARG,9493.50476041134
2018,ATG,3.88888429913303
2018,AUS,0.37978339528320304
2018,BDI,33.34515093748766
2018,BEN,0.22937737822536802
2018,BGD,358.6781878636871
2018,BHS,14.090901149876306
2018,BLZ,4789.425421857035
2018,BRN,449.78643444019855
2018,BTN,406.2910796280676
2018,CAF,7741.613007637722
2018,CHN,1458.6113424398698
2018,CIV,25668.738811431955
2018,COG,26847.166061689786
2018,CRI,1708.2837334283593
2018,CUB,2551.8958799941597
2018,CYM,24.878106939230708
2018,DMA,586.025936441143
2018,DOM,293.76938967467777
2018,ECU,13220.472590222096
2018,ETH,3798.407641281681
2018,FJI,199.1469656998785
2018,GAB,12250.924318660758
2018,GHA,12289.378383473388
2018,GIN,1138.1268959165247
2018,GLP,8.803872706013456
2018,GNB,451.4709173594936
2018,GNQ,4036.2018923226096
2018,GTM,18330.121064631778
2018,GUF,2616.749662246084
2018,GUY,7627.767157554695
2018,HND,32644.65349543874
2018,HTI,27.288935508177087
2018,IND,19309.976285456873
2018,JAM,292.65222548345486
2018,KEN,2649.4882502388587
2018,KNA,0.9562305705468751
2018,LBR,27853.651022046724
2018,LCA,9.192548940122071
2018,LKA,437.3947115277495
2018,MOZ,537.2416863818764
2018,MSR,3.467334301391061
2018,MTQ,2.159273416323242
2018,MWI,28.238479647603086
2018,NGA,15182.773257044562
2018,NIC,32009.313878469628
2018,NPL,150.8420479366168
2018,PAN,6121.389665645964
2018,PHL,9222.17712543647
2018,PLW,1.4497906061352541
2018,PRI,512.0602066723353
2018,PRY,25298.413954606458
2018,RWA,40.046887672757435
2018,SEN,0.150190840863172
2018,SGP,0.07691136217298701
2018,SLB,13351.183392911986
2018,SLE,3400.9085538303593
2018,SLV,79.85781081922636
2018,SSD,79.03006551987573
2018,SUR,15366.594158425054
2018,TCA,15.020922535019531
2018,TGO,2.215412105671929
2018,THA,1948.1219698758794
2018,TTO,135.72619011395452
2018,TWN,83.12304556851997
2018,TZA,2263.2640015084703
2018,UGA,4087.8238212802403
2018,USA,88.22689843552307
2018,VCT,0.674335977884114
2018,VEN,30169.15143294241
2018,VGB,3.142858143666449
2018,VIR,17.03616141668186
2018,VNM,33385.84849788213
2018,VUT,238.95633887384588
2018,ZAF,777.564065234846
2018,ZMB,2411.4208910612056
2018,ZWE,27.4047764935395
2019,AGO,10005.44624375071
2019,ARG,8965.42170255332
2019,AUS,0.601736663049045
2019,BDI,13.521706566004234
2019,BEN,2.828117056036784
2019,BGD,387.97785804504656
2019,BHS,5.8281293041970486
2019,BLZ,8744.550892879486
2019,BRN,447.7110179462927
2019,BTN,294.12183920091474
2019,CAF,11530.177913622818
2019,CHN,1362.9557532569902
2019,CIV,11648.912721742787
2019,COG,30647.668560945935
2019,CRI,1427.0937904984514
2019,CUB,89.50128739980794
2019,CYM,1.308842344402126
2019,DMA,2.45019666621148
2019,DOM,510.13579770115365
2019,ECU,12231.485162526666
2019,ETH,7379.565706398099
2019,FJI,76.72889724229495
2019,GAB,13815.793520499066
2019,GHA,5822.220307637088
2019,GIN,1056.645637878445
2019,GLP,5.324552858333334
2019,GNB,372.29786779054433
2019,GNQ,4276.543373519391
2019,GTM,30254.793561274804
2019,GUF,2270.8612582711626
2019,GUY,12963.917877009468
2019,HND,32910.80906023847
2019,HTI,34.89830433986002
2019,IND,17347.493523308534
2019,JAM,253.70814972588983
2019,KEN,2798.1129524568764
2019,KNA,1.544690950646701
2019,LBR,23408.005636145015
2019,LCA,0.7472938665961371
2019,LKA,412.0171402872917
2019,MOZ,800.7858528188618
2019,MSR,2.507745088736979
2019,MTQ,1.4895285481532121
2019,MWI,43.8813994745448
2019,NGA,12095.161878120241
2019,NIC,33913.00407193156
2019,NPL,192.36179027444558
2019,PAN,6233.779791150659
2019,PHL,7585.917597184903
2019,PLW,3.815085450388183
2019,PRI,27.268941586332467
2019,RWA,13.834366465680883
2019,SEN,1.051489272211371
2019,SGP,15.074217360313314
2019,SLB,12323.50568774479
2019,SLE,3542.9917338050477
2019,SLV,62.950887778190115
2019,SSD,335.5125808055254
2019,SUR,14013.435727950668
2019,TCA,3.506012882261285
2019,TGO,0.22916650205566402
2019,THA,2621.023439601605
2019,TTO,126.32241541892196
2019,TWN,57.73656048144315
2019,TZA,2668.25348632591
2019,UGA,3334.774294026339
2019,USA,73.90977905669052
2019,VCT,0.29977482365831104
2019,VGB,0.6577486053287761
2019,VIR,0.5849059005284281
2019,VNM,30893.95322339034
2019,VUT,51.810145068108724
2019,ZAF,937.5824875645733
2019,ZMB,2545.443822026849
2019,ZWE,50.30234706444013
2020,AGO,8918.346008685101
2020,ARG,20834.046555658235
2020,AUS,0.5317264044108071
2020,BDI,26.969539729921063
2020,BEN,1.680206409550781
2020,BES,7.199154656895616
2020,BGD,459.7643155214584
2020,BHS,4.543708621314021
2020,BLZ,15950.906769790035
2020,BRN,543.6427670850437
2020,BTN,472.9213702024394
2020,CAF,14741.72510526551
2020,CHN,1138.7117334312936
2020,CIV,12958.91040340309
2020,COG,26295.695261033314
2020,CRI,1279.0699563882943
2020,CUB,305.6866144761394
2020,CYM,0.43611380850151904
2020,DMA,9.725634407473958
2020,DOM,1850.2187429038415
2020,ECU,19747.363353751265
2020,ETH,4603.322656803987
2020,FJI,166.68585742392582
2020,GAB,10628.72100272088
2020,GHA,14272.161553940014
2020,GIN,1299.291140733401
2020,GLP,2.588752890226779
2020,GNB,507.01175095612433
2020,GNQ,1977.363289633391
2020,GUF,3135.6263604401324
2020,GUY,10763.192527829511
2020,HTI,16.479810316691623
2020,IND,20809.32173368899
2020,JAM,244.4567756782161
2020,KEN,3545.294734681192
2020,KNA,4.046841415374348
2020,LBR,31821.550239327185
2020,LCA,3.139054735574544
2020,LKA,282.81186621682895
2020,MAF,1.171710043967014
2020,MOZ,307.33594336088487
2020,MSR,0.737451280530599
2020,MTQ,3.799124653620334
2020,MWI,146.33868019235814
2020,NGA,14586.949065563856
2020,NPL,170.44754420864365
2020,PAN,6592.876236999927
2020,PHL,7750.901132701919
2020,PLW,3.8152740374905063
2020,PRI,27.489715357098525
2020,RWA,113.4398044841532
2020,SEN,0.6749294719097221
2020,SGP,19.073620544741
2020,SLB,10457.585020359684
2020,SLE,2956.891029154973
2020,SLV,89.96760834937659
2020,SSD,86.16308393760907
2020,SUR,11076.47191450572
2020,TCA,10.015605593676215
2020,TGO,1.069581621934136
2020,THA,3573.453703300399
2020,TTO,145.20156349190594
2020,TWN,48.62641664944446
2020,TZA,3466.098368262005
2020,UGA,3585.0960708373873
2020,USA,39.838822886866325
2020,VIR,0.14622296340169202
2020,VNM,32619.892722168053
2020,VUT,1674.549458731667
2020,ZAF,879.9271358039788
2020,ZMB,2143.1341784275814
2020,ZWE,37.88539103933268
2021,AGO,24338.94875207487
2021,ARG,11904.509488718388
2021,AUS,4.000387596877713
2021,BDI,14.214458336248374
2021,BEN,1.527620854403212
2021,BGD,308.8285089476888
2021,BHS,4.260989019793837
2021,BLZ,4557.860628871102
2021,BRN,516.9370766326941
2021,BTN,399.92099271910604
2021,CAF,19709.160587514983
2021,CHN,1212.5315548483181
2021,CIV,6614.941161344899
2021,COG,19570.68157743057
2021,CRI,1059.3195130948382
2021,CUB,349.86384454677733
2021,CYM,1.6717946035319011
2021,DMA,6.758171672350802
2021,DOM,593.2297805784093
2021,ECU,12471.595260930257
2021,ETH,4349.388886752169
2021,FJI,1069.4285426779477
2021,GAB,8858.406187075863
2021,GHA,10700.368528573554
2021,GIN,798.4432667820374
2021,GLP,2.293101937932943
2021,GNB,349.22264366991914
2021,GNQ,3714.6183143765024
2021,GTM,15160.431806681618
2021,GUF,1678.591688853807
2021,GUY,7088.441436382289
2021,HTI,131.3956051628245
2021,IND,22037.661132457873
2021,JAM,177.72242195168837
2021,KEN,445.4889471063767
2021,KNA,3.017212694133029
2021,LBR,24820.820558458876
2021,LCA,6.354861758216147
2021,LKA,281.3855868920168
2021,MAF,0.6590274954535591
2021,MEX,35128.99600457485
2021,MOZ,276.884189228525
2021,MSR,0.221236356998697
2021,MTQ,2.6801990689426
2021,MWI,52.47400564702696
2021,NGA,12138.835084337099
2021,NPL,249.3643600412088
2021,PAN,5307.953503623557
2021,PHL,6828.592534539301
2021,PLW,1.144577710210774
2021,PRI,17.10655457897895
2021,RWA,42.273976239913395
2021,SEN,0.22536473196506002
2021,SGP,1.307446148086819
2021,SLB,8505.687987868809
2021,SLE,3271.910088447139
2021,SLV,32.64459427608181
2021,SSD,74.62439657028928
2021,SUR,10112.82521740115
2021,TCA,13.377369718218313
2021,TGO,12.375869306273875
2021,THA,2921.0489823977705
2021,TTO,50.31411989201117
2021,TWN,65.97177927410374
2021,TZA,1926.2664409736585
2021,UGA,3751.411545610459
2021,USA,4.460829261516928
2021,VCT,3.895460507350802
2021,VEN,22708.814551562005
2021,VGB,1.096273962263455
2021,VNM,29006.830128538175
2021,VUT,13.603984339534504
2021,ZAF,632.6744945617795
2021,ZMB,2900.026544463133
2021,ZWE,42.039610650769326
2022,AGO,15589.092523535219
2022,ARG,21381.68278407884
2022,BDI,4.8406660548548714
2022,BEN,0.8411554959380421
2022,BGD,307.52489616715917
2022,BHS,1.5607934056011281
2022,BLZ,4029.174973577276
2022,BRN,537.9710085399214
2022,BTN,513.2750377819966
2022,CAF,13242.348619040045
2022,CHN,1533.4332605444517
2022,CIV,8587.570223548784
2022,COG,26089.437771836005
2022,CRI,1158.420459883033
2022,CUB,271.79432768793356
2022,CYM,2.033819102850477
2022,DMA,6.386258469459094
2022,DOM,507.75669267327805
2022,ECU,21013.812687702743
2022,ETH,4004.680025778629
2022,FJI,142.87774318365234
2022,GAB,14510.590919043507
2022,GHA,17970.1473693855
2022,GIN,944.038568475784
2022,GLP,3.179285245854492
2022,GNB,380.02748117748064
2022,GNQ,3900.776979668229
2022,GTM,12218.198730020282
2022,GUF,2827.6689219695772
2022,GUY,7883.843573115494
2022,HND,30126.475889278903
2022,HTI,14.750381169151474
2022,IND,21838.983524993586
2022,JAM,129.3518643243381
2022,KEN,867.2456096931861
2022,KNA,0.073592412068142
2022,LBR,30365.411878768882
2022,LCA,4.485296182483724
2022,LKA,238.56137922774835
2022,MOZ,516.799763235134
2022,MTQ,1.861347515096028
2022,MWI,93.08854830897687
2022,NGA,12858.632341011411
2022,NIC,22635.57114961396
2022,NPL,310.27641581288736
2022,PAN,4018.4614570568715
2022,PHL,27288.256411540133
2022,PLW,0.610396374149034
2022,PRI,18.86054482501085
2022,PRY,32588.08890677051
2022,RWA,14.75816375012824
2022,SEN,0.07511757082628001
2022,SGP,8.844741619065283
2022,SLB,10137.245194997813
2022,SLE,3204.332709478918
2022,SLV,46.56303688995769
2022,SSD,107.31895102115442
2022,SUR,12041.789859839306
2022,TCA,2.861756812907986
2022,TGO,13.216330752790268
2022,THA,3294.9079708263944
2022,TTO,76.80189152299806
2022,TWN,86.97722534150502
2022,TZA,1756.3112139873347
2022,UGA,3408.763826181999
2022,USA,9.47570774428711
2022,VCT,20.901495771531042
2022,VEN,19810.595893328173
2022,VGB,1.607824252582465
2022,VIR,0.43875354574761205
2022,VNM,21668.164116268315
2022,VUT,15.136245970167646
2022,ZAF,300.0868374147211
2022,ZMB,2414.955748676278
2022,ZWE,55.601698610947274
2023,AGO,17668.8634990773
2023,ARG,11442.780313398294
2023,AUS,0.979691228100043
2023,BDI,8.067568546592069
2023,BEN,2.8245369725184473
2023,BGD,743.0157819656439
2023,BHS,33.859580562900355
2023,BLZ,11662.690162046305
2023,BRN,496.5673909828685
2023,BTN,658.0439971895022
2023,CAF,13985.845843821886
2023,CHN,1884.5056415906959
2023,CIV,6864.8533275085365
2023,COG,24424.848951116466
2023,CRI,1370.5233992512174
2023,CUB,692.0408308594003
2023,CYM,7.912330707960071
2023,DMA,3.786159119191081
2023,DOM,1275.8713601790523
2023,ECU,14293.644703701284
2023,ETH,12459.984851732399
2023,FJI,86.34432273135639
2023,GAB,10310.421968000619
2023,GHA,12745.683907143575
2023,GIN,647.747580580037
2023,GLP,3.8438872520583742
2023,GMB,0.07494930460394901
2023,GNB,289.1519673554324
2023,GNQ,4006.327973732364
2023,GTM,21037.30554199202
2023,GUF,3230.561051646058
2023,GUY,17167.53986263196
2023,HTI,55.50755735522783
2023,IND,21672.374363547868
2023,JAM,283.3299286549827
2023,KEN,1809.04387426443
2023,KNA,0.07353363589518201
2023,LBR,32716.713672752412
2023,LCA,1.121457300792643
2023,LKA,229.12105451566651
2023,MDV,0.9936607657809781
2023,MOZ,404.65354719257573
2023,MTQ,3.573404751321614
2023,MWI,509.06386824015726
2023,NGA,12000.19749699432
2023,NPL,214.69571034630536
2023,PAN,4966.918273501101
2023,PHL,5041.718984104287
2023,PLW,1.144711132387966
2023,PRI,38.44863211851889
2023,PRY,25121.003748933574
2023,RWA,28.05303674098064
2023,SEN,1.877852397914496
2023,SLB,6918.393015648945
2023,SLE,3364.6480033595853
2023,SLV,31.820949350528974
2023,SSD,93.93980733821142
2023,SUR,17993.808960246777
2023,TCA,4.936403284459635
2023,TGO,2.90289780047743
2023,THA,4113.722894069218
2023,TTO,107.23674122296063
2023,TWN,244.81793259820876
2023,TZA,3219.0879551570215
2023,UGA,2100.5723998704975
2023,USA,51.94217944221252
2023,VEN,27505.134190567824
2023,VGB,1.827022650064019
2023,VNM,16456.507802979562
2023,VUT,75.91406792987141
2023,ZAF,200.37356298320967
2023,ZMB,2669.919735780239
2023,ZWE,40.443239615607645
